{"cameraMode":{"drawMode":0,"name":"Shaded","section":"Shading Mode"},"sceneLighting":true,"audioPlay":false,"sceneViewState":{"showFog":true,"showMaterialUpdate":false,"showSkybox":true,"showFlares":true,"showImageEffects":true,"showParticleSystems":true},"in2DMode":false,"pivot":{"x":8.715999603271485,"y":2.6149001121520998,"z":-0.748199999332428},"rotation":{"x":0.03255503624677658,"y":0.9455662369728088,"z":-0.30812346935272219,"w":0.09994637221097946},"size":22.989999771118165,"orthographic":false}